round,hour,load
0,1,12475.82463
0,2,16572.553
0,3,17418.42504
0,4,13632.29044
