round,hour,load
0,1,12475.82463
0,2,16572.553
0,3,17418.42504
0,4,13632.29044
1,1,11603.10475
1,2,16377.73979
1,3,17735.27428
1,4,16074.67185
2,1,12116.73651
2,2,15948.23926
2,3,18208.57862
2,4,15428.94446
3,1,14555.07203
3,2,15617.95574
3,3,17134.18265
3,4,16375.07406